bedrooms,bathrooms,kitchens,lawn,area_sqft,location_type,price
4,1,1,No,799,City,248758.47779850115
5,1,2,Yes,638,City,305884.3744257007
3,3,2,Yes,858,Out of City,217703.86613618236
5,2,1,No,2022,Out of City,271788.8202341168
5,1,2,Yes,3956,Out of City,343033.4529317402
2,3,1,Yes,2127,Out of City,248185.03175332304
3,2,2,Yes,1803,City,339220.17425108934
3,1,1,Yes,1634,City,277054.1193149064
3,2,2,No,2686,Out of City,275479.68443179195
5,3,1,No,3670,Out of City,377437.450016054
4,1,2,Yes,4335,Out of City,384899.0159828447
3,2,2,Yes,2651,Out of City,305959.2754199314
5,1,1,Yes,1737,Out of City,252595.34869430776
2,2,1,No,4235,City,387617.7744060791
4,3,1,No,3334,City,413904.32339178445
2,3,1,No,4760,City,436139.4592193687
4,1,2,No,1498,Out of City,208169.3746087213
5,2,2,Yes,3067,Out of City,367834.3280858159
1,1,1,Yes,1807,Out of City,209642.19581273236
4,1,2,Yes,1156,Out of City,191801.17442845044
2,2,1,No,3160,City,361181.48129911796
5,2,1,Yes,2711,City,398824.9052263786
4,2,2,No,2409,Out of City,288959.7986648046
1,3,2,No,4230,City,420444.93847290456
1,1,2,Yes,2546,City,284866.52605539066
3,1,2,Yes,3662,Out of City,323911.17995144904
3,3,2,Yes,1640,Out of City,261229.0260824859
2,2,2,No,766,Out of City,142624.92957751144
4,3,2,No,2345,Out of City,326948.73151673615
4,3,1,Yes,2208,Out of City,288264.5581234641
3,3,1,Yes,4130,Out of City,370389.0644102627
4,1,1,No,3711,City,394637.78063205956
4,3,1,Yes,2793,City,380607.0094784782
1,1,1,No,4232,Out of City,278686.38576487475
3,1,2,No,4329,City,417799.0652250035
5,1,1,Yes,2010,Out of City,278842.79191234976
3,2,1,Yes,975,Out of City,206882.26282200104
5,1,1,Yes,1476,Out of City,248213.35775103257
1,1,1,Yes,1707,Out of City,160060.59381638467
2,2,1,No,2460,City,309431.8642267848
4,1,1,No,1057,Out of City,222948.66143294482
1,3,1,No,1382,City,244468.03261566875
4,3,2,Yes,2694,Out of City,344205.282344951
2,1,2,No,3167,Out of City,277204.4551023372
2,2,1,Yes,2110,Out of City,220113.39006906602
1,3,2,Yes,3988,City,448450.2931625921
2,2,2,Yes,2954,Out of City,301746.57592845603
5,2,2,Yes,4994,Out of City,492337.1379817822
2,3,2,Yes,2446,Out of City,272639.3400895202
4,2,1,Yes,3308,City,451761.2384511565
4,3,2,No,4325,City,476753.10988069564
4,2,2,Yes,4036,City,472860.8017170472
4,3,2,No,4302,Out of City,394780.48908706295
5,1,1,No,4677,City,453879.427638511
3,3,1,Yes,2470,Out of City,322510.63316947746
1,3,1,Yes,4322,City,423907.1973969609
4,3,1,Yes,3319,City,391608.60592825693
2,3,1,No,1402,Out of City,172756.27076585995
4,2,1,Yes,864,City,289483.08495614503
2,1,1,No,4758,Out of City,339099.9796633111
2,3,2,Yes,3619,Out of City,344818.2302220021
4,2,2,Yes,3058,City,437279.41579587327
5,1,2,No,2363,Out of City,244127.9627192275
2,1,1,No,615,Out of City,128621.7587301032
2,1,1,Yes,2884,City,302840.4154922569
4,1,1,No,4435,City,441944.24590968335
2,3,1,No,2990,Out of City,272610.82571115997
2,3,1,No,1442,City,275492.19944048236
4,2,2,No,2224,Out of City,253922.3407882047
4,2,2,No,2834,Out of City,327289.298633155
1,2,1,Yes,3267,City,374184.493281177
5,1,1,Yes,1637,City,348520.88606023777
5,1,1,No,3027,City,373759.6550627312
2,3,1,Yes,4617,City,467447.14570590266
5,1,2,Yes,3920,Out of City,376862.148640253
2,1,1,No,4406,Out of City,332411.11318041425
1,1,1,Yes,4137,City,414839.61788647843
4,2,1,No,3453,City,414062.2111995837
4,2,1,No,2867,Out of City,278757.9506038518
4,3,2,Yes,4721,Out of City,448278.3463454621
5,1,1,No,776,Out of City,167937.16912482705
1,1,1,No,2499,Out of City,211397.8062235135
5,3,2,No,1727,City,360362.06825725076
5,1,2,No,4252,Out of City,340203.6732093567
1,1,2,No,4235,Out of City,273514.3231217527
1,2,1,Yes,1195,City,244087.22206512466
1,3,1,Yes,1809,Out of City,219432.80505718346
1,3,2,No,4652,Out of City,323410.4612916239
4,3,2,No,3734,City,439479.57458704367
3,3,2,Yes,4614,City,490729.4721788102
3,2,2,No,2811,City,346664.6173604296
1,2,2,Yes,3341,Out of City,281934.16999683273
3,1,2,No,4708,Out of City,381374.14252833126
3,1,1,No,4059,City,421058.1422617659
1,1,1,No,3898,City,330228.77032306924
3,1,1,No,1041,Out of City,154806.6616569036
5,2,2,No,3194,City,419524.15330823994
2,3,2,No,1588,City,277239.41240506025
2,2,2,No,3863,City,380362.05598673533
1,1,2,Yes,524,Out of City,155993.06303449342
4,2,2,Yes,2072,Out of City,255412.87824985414
1,3,2,Yes,3458,Out of City,344266.0464970534
4,3,1,No,4736,Out of City,403253.6104865868
2,2,1,No,2267,Out of City,215120.1371087564
1,2,2,No,2735,Out of City,234965.31691557102
5,2,1,No,700,City,274248.58710041037
3,1,2,No,3698,Out of City,275275.9739311015
4,2,1,No,756,Out of City,217698.7645490647
3,2,2,No,4247,City,423176.51264541235
3,2,2,Yes,2741,Out of City,315910.0426089475
1,3,1,No,3675,Out of City,307780.99541148084
3,3,1,Yes,4106,City,429876.750848794
5,1,2,Yes,3836,City,466269.4379807046
3,1,2,No,913,City,235297.17818202413
1,3,1,No,2514,Out of City,247635.41550432987
5,3,1,Yes,1881,City,336505.4515929701
2,3,2,Yes,1598,Out of City,242918.11399517462
3,2,1,No,3926,Out of City,314243.5868843208
1,2,2,No,4155,Out of City,316395.2590126831
2,3,2,Yes,1409,Out of City,244850.88374736405
2,2,2,No,687,City,210197.48210355948
4,2,2,No,4544,City,442956.52271647914
5,1,1,No,4256,Out of City,365586.69262885343
3,3,1,Yes,2515,City,352817.15545369586
1,3,1,Yes,2592,Out of City,281439.67390904255
4,2,1,Yes,4144,Out of City,379815.85599105107
5,3,1,No,2630,Out of City,258360.23561356717
4,1,1,No,857,City,240353.55886756387
5,1,1,Yes,2922,Out of City,310329.1235831205
5,1,2,Yes,4757,Out of City,400224.4836907811
3,3,1,Yes,1997,City,320101.46723554854
5,3,1,No,2658,City,390088.1694366594
4,3,2,Yes,3055,City,454322.8165649646
5,3,1,Yes,2842,City,433363.6894772996
3,3,1,No,3451,Out of City,305419.9322356852
3,1,2,No,1738,City,291018.0839034141
4,2,1,No,1473,Out of City,214468.19379562017
2,1,1,Yes,4465,City,404357.9926167371
2,3,1,No,1550,City,249412.7466353403
5,1,2,No,4201,City,410013.4238649656
1,3,1,Yes,3280,City,361201.5258688111
5,3,1,No,2088,City,362561.06979840266
4,1,2,Yes,4378,City,461967.5265997022
4,3,1,Yes,2868,Out of City,330080.6614410528
4,2,2,No,936,City,257885.07878606438
4,3,2,No,3328,City,423564.9238336994
4,2,1,No,2056,City,296457.3616010683
3,2,2,No,4358,City,443420.55827686953
2,3,2,No,1804,Out of City,205155.65962146551
4,1,1,No,2884,City,334151.2952529393
1,2,2,Yes,682,City,204764.29618768647
1,1,2,Yes,2089,City,279421.95706228726
1,2,1,No,2087,City,283856.24916955957
1,3,1,Yes,1159,Out of City,203262.56176887912
3,3,1,No,659,City,267518.4422405607
1,2,2,Yes,4453,Out of City,363092.85091867874
4,3,1,Yes,1511,City,318476.6034293926
5,2,2,Yes,552,Out of City,230984.21551344884
1,3,2,No,2807,Out of City,239746.01741765076
3,1,2,Yes,1728,City,338011.4980807808
3,3,2,No,1535,City,277814.2270714738
1,1,2,Yes,4202,Out of City,342973.95378778223
5,3,2,Yes,4545,Out of City,470109.0774021754
1,1,2,Yes,4949,City,469042.4040343217
3,3,1,Yes,1764,Out of City,255006.26814741007
2,1,1,Yes,2384,Out of City,258446.44319160323
4,2,2,No,2309,Out of City,321083.03673077683
3,2,2,No,3667,City,380997.16646132607
1,1,1,Yes,4297,Out of City,289149.1950493528
4,3,2,Yes,2841,Out of City,309449.7993218447
1,1,1,Yes,3914,Out of City,314954.2405772266
1,3,1,Yes,1317,City,233186.99583882833
2,2,1,No,2937,City,319403.6189412415
4,3,2,Yes,1388,Out of City,283146.2637407792
4,2,2,No,1167,City,292053.5107365983
2,3,1,Yes,3124,Out of City,319708.8972836835
3,3,1,No,4732,City,456045.7971160171
1,3,1,Yes,1318,City,296477.31626626785
5,1,1,Yes,2688,Out of City,300353.6723852241
1,1,1,No,1606,City,211760.0972308294
1,2,2,Yes,2724,City,320746.81109458354
3,2,1,Yes,697,City,281453.8362372522
1,1,2,Yes,3171,Out of City,291557.97176790127
2,2,1,No,3992,City,388624.50638637017
2,1,2,Yes,2948,City,376069.8733377986
4,3,2,Yes,970,Out of City,229939.1826524724
5,2,2,No,2448,City,405744.48223102273
1,2,2,No,4399,City,420414.77243424515
1,1,2,No,2510,City,295212.43994491495
3,2,2,Yes,4300,City,490635.9781754212
2,2,1,Yes,4618,City,407767.53584644455
5,3,2,Yes,4296,Out of City,429311.037274747
4,2,1,No,4488,Out of City,359693.9307863609
2,3,2,Yes,734,City,286129.5864751469
4,1,2,Yes,1428,City,295397.1852079571
3,2,1,No,4107,City,420499.9029867497
3,3,2,No,1022,Out of City,233510.72287993427
1,1,1,No,4023,Out of City,290054.05800168
5,2,1,No,2129,City,352125.02047323005
4,1,1,No,1816,City,276042.533181985
2,2,1,Yes,3357,Out of City,290912.9806774927
3,1,2,No,1624,City,301192.3781059333
1,1,2,Yes,3087,Out of City,284936.98007810663
1,3,1,Yes,1523,Out of City,210369.60961244913
4,1,2,No,1878,City,300541.8090846822
3,2,2,No,3874,Out of City,293183.8425377725
5,2,1,No,2019,City,319532.95162631123
3,3,2,Yes,726,City,329528.3817427945
4,2,1,No,1391,City,263940.88857995067
4,2,1,No,4572,City,452389.5964244216
3,2,2,No,2757,City,367998.87946390396
4,1,2,No,3288,City,354301.54663995415
3,1,2,No,896,Out of City,173494.20949562168
2,2,1,Yes,2578,Out of City,287658.3107502131
3,3,1,Yes,4924,Out of City,421449.986438145
3,1,2,Yes,3737,Out of City,399218.06111333537
4,3,2,No,4393,City,431278.0148224361
4,2,2,No,2505,Out of City,306424.5705976776
1,2,2,No,2516,Out of City,222343.96525207072
1,1,1,Yes,3671,Out of City,303988.4030967335
2,2,2,No,3168,City,357226.14303398493
1,1,1,No,2378,Out of City,179236.87605780008
3,2,1,No,1696,City,289379.9278491868
4,2,2,Yes,2272,Out of City,266441.97097203427
1,1,2,No,661,City,200114.95001142786
1,1,2,Yes,4476,City,414763.1693198105
2,1,1,No,2251,Out of City,220323.20337286204
2,2,2,Yes,1275,City,304912.366501743
3,2,2,Yes,1439,City,319302.3968041942
4,3,1,Yes,3720,Out of City,383961.78839596553
2,1,2,No,1039,Out of City,139328.63326677415
1,2,1,No,1961,Out of City,173805.58472701898
4,2,2,Yes,855,City,326484.69240354665
4,1,1,Yes,4104,City,468926.7081141196
1,3,2,No,3823,City,371387.7912737589
2,1,2,No,734,Out of City,142620.0549450655
1,3,1,Yes,2048,City,289307.7125001247
4,2,1,No,2596,City,373255.1369053489
5,3,2,No,4713,City,513958.3364738356
5,2,1,No,2601,City,408874.348729275
3,1,1,No,2173,City,276083.5384564052
1,1,1,Yes,2600,City,297439.84201963566
1,1,1,No,4157,City,357478.91845051147
3,3,2,No,4096,Out of City,372729.7907545154
3,2,2,Yes,4248,Out of City,378086.64724904735
3,1,1,Yes,3673,Out of City,311190.778190926
4,1,1,No,2315,City,338378.1505784714
1,2,1,No,4341,City,391472.7072509116
4,1,1,No,2505,Out of City,241924.5179887255
3,2,2,No,4993,City,486758.8560221099
1,2,2,Yes,1174,Out of City,212103.97418393206
4,2,1,Yes,886,City,296985.92994495586
4,2,1,Yes,2658,City,384491.95724752074
3,2,1,No,3161,Out of City,299131.15542231814
1,3,2,No,2564,Out of City,225965.93859487484
3,1,1,No,4351,Out of City,333150.62958328164
1,3,2,No,3753,Out of City,259602.3291078164
5,1,1,Yes,4766,Out of City,440829.1129100587
2,3,2,Yes,1239,City,265720.1355511628
2,2,1,No,1901,City,305118.39656858
2,1,2,Yes,3759,City,386347.598120671
3,1,1,No,2777,Out of City,249616.66036137647
5,3,1,No,4404,Out of City,392645.3218783099
1,3,1,Yes,4423,Out of City,350389.22252155846
4,1,2,No,4714,Out of City,409070.6269029607
1,3,1,No,3727,Out of City,241593.8268692984
4,3,2,Yes,3331,Out of City,397089.30772176373
1,3,2,No,4258,City,404660.4696220342
5,2,1,No,3012,City,366459.56704285566
4,2,1,Yes,2651,City,361043.75213901524
3,3,1,No,4175,City,457277.8605441641
1,3,2,Yes,3245,City,358339.8624011454
1,2,1,No,4366,Out of City,285232.9897880808
4,2,2,Yes,4264,Out of City,425946.2908472946
3,1,2,Yes,2722,Out of City,297871.0575257183
3,1,1,Yes,3292,Out of City,290841.48846927204
5,2,1,No,2197,Out of City,284182.49950809235
3,3,1,Yes,3962,Out of City,352584.94632719446
3,3,1,Yes,4563,City,495166.4279684521
3,3,1,Yes,2024,Out of City,297427.4192974627
2,3,1,Yes,532,Out of City,192240.12397643886
5,1,2,Yes,4525,Out of City,428483.2212249403
1,2,2,No,3066,Out of City,288523.7624973475
4,3,2,No,3303,City,410143.7265477645
1,1,1,No,4396,City,341162.517491584
5,3,2,No,4209,Out of City,414439.47825664614
4,2,2,No,1219,City,332670.9409907423
5,1,2,No,1472,City,288304.81013628293
3,2,2,No,4218,Out of City,343670.74466612027
4,2,2,Yes,4902,Out of City,443428.92076202907
3,1,1,No,2707,Out of City,249271.9030198852
1,1,1,Yes,4926,Out of City,331653.9283924537
1,1,2,Yes,4820,Out of City,378437.1571246094
4,1,2,No,3530,City,437900.81444034516
4,1,2,Yes,4075,Out of City,382672.62918047816
5,1,1,Yes,3616,Out of City,347718.63420528
5,1,1,Yes,3785,Out of City,343270.7894989305
3,3,2,Yes,1143,City,317309.51962442364
4,2,1,No,694,Out of City,206777.54686632514
1,1,1,No,4496,Out of City,309303.35492990765
5,3,2,No,988,Out of City,244351.92318162293
5,3,1,No,2704,City,378414.56696421385
1,3,1,No,3157,Out of City,241006.7273456382
5,2,2,No,3776,Out of City,385495.0265264976
3,1,1,No,1602,Out of City,213375.43242771173
4,3,1,No,1741,City,291135.40426618536
1,2,2,No,1015,Out of City,182546.77956361367
4,2,1,No,892,Out of City,206081.42441788
5,2,1,Yes,1130,Out of City,284491.8929029159
5,3,2,No,4216,City,448957.4450302977
1,1,2,Yes,2347,Out of City,205033.51689169122
3,3,2,Yes,3155,Out of City,339770.61380465404
2,3,1,Yes,1479,Out of City,239005.6885379039
1,1,2,Yes,3902,City,416027.21645853925
2,1,1,No,4371,City,397671.5782763026
2,1,2,Yes,777,Out of City,168996.37446375933
3,2,1,No,732,City,216072.61584668217
2,1,2,No,2052,City,302200.011454383
2,3,2,Yes,3770,City,404205.8914849857
3,1,2,No,2909,Out of City,303019.3710954464
2,3,2,Yes,4012,Out of City,359912.3070078698
2,2,1,Yes,525,City,268061.641452357
2,3,2,No,960,City,266578.62580118555
1,3,2,No,4264,City,395460.0902111508
1,1,1,Yes,3931,Out of City,291162.07256347744
1,1,2,No,3983,Out of City,277331.8424530784
3,3,1,No,2494,City,348266.33384750475
5,1,2,No,990,City,286043.1299243543
2,2,2,Yes,1572,City,286723.7718386259
2,2,2,Yes,3673,City,400337.37179364735
3,1,1,No,715,Out of City,152321.540594383
2,2,2,No,2223,City,258575.31811170376
1,1,2,No,2092,Out of City,198763.362295774
5,3,2,No,3106,City,400705.5755056639
4,3,1,No,658,City,244833.3519358851
2,2,1,Yes,3813,City,366903.1130577858
1,1,2,No,3341,City,286172.1500426422
4,1,1,Yes,2276,City,321691.04993775423
5,2,2,No,2552,Out of City,293419.58084739017
4,3,2,Yes,2795,City,453815.18275053136
1,2,2,No,2196,City,269282.40648209595
4,3,2,Yes,3493,City,453205.00212536065
3,1,2,No,2969,Out of City,281459.62773012655
4,3,2,Yes,2446,Out of City,329921.303724317
2,2,2,Yes,4309,Out of City,363901.13078548014
2,1,1,Yes,3283,Out of City,265244.1247280151
3,2,1,Yes,4144,City,466218.55096558423
1,2,1,Yes,3000,City,376143.9328727577
2,3,1,Yes,4145,City,398596.8261175463
5,2,1,No,3145,Out of City,306769.4281822724
2,3,1,Yes,2849,City,361853.7931524599
2,1,1,No,2432,City,267309.2441017962
1,3,2,No,3794,Out of City,314819.3110691173
4,1,2,No,2257,Out of City,243284.55595186775
2,3,2,No,1616,Out of City,259101.12135613203
3,2,2,No,3067,City,387160.9718868719
4,3,1,Yes,3999,City,469201.4806126443
5,3,1,Yes,992,Out of City,285139.7252663947
1,1,2,Yes,3806,City,397418.0084871462
5,2,2,No,1119,Out of City,224671.05023883513
4,3,1,Yes,3732,Out of City,365275.6551091607
4,2,2,Yes,4323,City,477712.8612593929
4,3,2,Yes,2880,Out of City,366232.72248995886
5,3,2,Yes,2046,Out of City,330081.20797306835
4,2,2,Yes,4063,Out of City,361610.0703561801
5,3,1,No,2105,City,344193.51112098317
4,2,2,Yes,4252,Out of City,401120.5427281124
3,3,2,No,2390,Out of City,272986.6879134834
4,1,1,No,1775,Out of City,263200.84353579616
5,2,1,No,3243,Out of City,304430.24115202005
2,3,2,No,2993,Out of City,294761.7848367175
4,3,1,No,856,Out of City,237582.26216656578
2,1,2,Yes,1369,Out of City,248878.99490845593
3,2,2,Yes,1385,City,301162.05153632077
1,3,1,Yes,2501,City,339878.589054404
3,1,2,No,1783,Out of City,225545.20714397295
4,3,2,Yes,1119,City,334859.6346310658
2,2,2,Yes,1382,City,287123.09597521386
2,3,2,No,1296,Out of City,208519.5077900009
5,3,1,No,4142,City,411455.0782956063
2,3,1,No,3925,Out of City,334891.38980125263
5,3,2,No,1796,Out of City,287323.55807323934
1,1,1,Yes,744,Out of City,137750.5020644347
4,1,2,No,3395,Out of City,355687.24391439115
5,2,2,No,1429,Out of City,237951.31962418897
1,1,2,Yes,1019,City,227888.48021869938
2,1,2,Yes,3712,Out of City,360431.0660440947
2,2,2,No,2909,City,318808.77390300285
1,1,1,Yes,507,Out of City,119347.69434126922
2,1,2,No,3025,Out of City,253309.491531383
1,2,1,No,3923,Out of City,302964.689642591
5,2,1,Yes,2519,City,400106.05014706624
5,2,2,Yes,4782,Out of City,423247.49305695476
1,3,2,No,4167,Out of City,312706.6287374562
5,3,2,No,4171,Out of City,391402.9113357558
5,2,2,No,3301,Out of City,343505.5790955391
5,2,2,Yes,585,City,317766.87317259656
3,2,1,No,3615,Out of City,319114.11511775944
4,3,2,No,4732,City,446079.76491903194
2,3,2,No,2968,Out of City,304678.81975121715
3,1,1,No,4119,City,396001.3769199325
5,1,1,No,2136,City,359490.6409518781
1,2,2,Yes,4083,Out of City,343033.9665458134
5,3,1,No,4509,Out of City,432476.45915471524
4,3,2,No,3826,City,445630.9062290025
5,3,1,No,2718,Out of City,347824.515124055
1,2,1,No,2717,Out of City,236295.01272035556
4,1,2,Yes,2869,Out of City,316491.69507114193
5,2,1,Yes,4138,City,522348.69440893765
4,1,1,Yes,3003,Out of City,332930.74244559783
2,1,1,No,1443,Out of City,178624.88842008827
2,2,1,No,3337,Out of City,251323.9116692333
5,1,1,Yes,3160,City,387233.84765072924
4,1,1,Yes,3436,Out of City,342654.3096428371
1,3,2,Yes,4944,City,465110.4239553648
5,1,2,No,4447,Out of City,375067.5486998337
2,2,1,No,2176,City,291619.6539922412
2,2,2,Yes,1696,Out of City,266572.5385608719
5,1,2,Yes,4605,Out of City,439158.04949100595
4,3,2,Yes,3287,City,416529.8298049452
2,3,1,No,1961,City,290819.8234571411
4,1,2,No,3818,City,389800.67038294877
2,1,1,No,1166,Out of City,145546.00167182877
2,2,2,Yes,2676,Out of City,275527.68668740714
3,1,1,Yes,4243,Out of City,347597.08834791987
2,3,1,No,1100,Out of City,154897.2925605321
1,1,2,Yes,3152,City,340046.9063696362
5,2,2,No,4922,Out of City,414887.8472630538
5,2,1,Yes,4324,Out of City,357611.0261999546
4,2,2,Yes,4406,Out of City,451359.44049003324
2,2,2,Yes,1479,Out of City,245725.39308433345
1,2,2,Yes,2951,Out of City,270023.9855015001
4,1,1,No,1128,Out of City,191776.38099481197
3,1,1,Yes,2129,Out of City,228016.91305364878
4,1,2,No,4196,City,458714.4575562173
4,1,2,No,3930,Out of City,379445.7738954622
2,2,2,No,4174,Out of City,331833.8745649305
3,3,1,Yes,4429,Out of City,416920.61288370687
4,1,1,No,3265,Out of City,301755.7355786785
1,3,2,No,4869,City,401715.49122248136
1,1,2,No,615,City,177513.53262072685
5,1,2,Yes,2503,City,392788.5593354391
3,3,2,Yes,1192,City,305509.0456251311
3,2,2,No,3662,City,388726.93445129925
5,1,2,Yes,1605,City,343422.00884981774
4,1,1,No,3508,Out of City,308782.4300426908
3,1,2,No,2661,City,329095.16980994964
1,3,1,Yes,653,City,216437.89867206797
1,2,2,No,4199,Out of City,295609.67701744125
2,3,2,Yes,4910,City,454808.31468600064
3,3,1,Yes,4286,Out of City,408856.31099372404
4,2,1,No,1564,Out of City,186087.06116319352
5,3,1,Yes,4700,City,543071.8068663385
5,2,1,Yes,2413,Out of City,348376.9879452569
4,1,2,No,1716,City,294756.3882603476
2,2,1,No,2901,City,272987.25824345404
5,1,2,Yes,2272,Out of City,301373.78876065416
3,3,1,Yes,2460,Out of City,296716.31677422364
2,3,2,No,3280,City,348788.0356014217
3,1,2,Yes,3371,Out of City,313245.63212383515
1,3,2,Yes,1160,Out of City,233603.90397726704
2,2,2,Yes,3135,City,390048.5432460348
5,1,2,Yes,2829,City,387958.717712438
2,3,2,Yes,4454,Out of City,355748.01660809136
2,1,1,Yes,2950,City,335959.6536478046
2,2,2,Yes,1632,City,297330.8644129912
2,2,1,No,1199,City,249873.98374726632
3,3,1,No,2538,City,331193.66574864683
1,2,2,No,2679,City,314179.99150723725
4,1,1,No,3338,City,410603.0808012046
2,2,2,No,1373,City,274960.0204488853
5,1,1,Yes,583,Out of City,213188.22985338455
2,1,2,Yes,1922,City,297436.9905789341
5,2,1,Yes,3175,Out of City,351616.5373164026
3,3,2,Yes,3680,Out of City,392612.8182490429
5,2,2,No,4816,Out of City,408253.7310809739
4,1,2,Yes,4475,City,469654.45417999965
1,1,2,Yes,1891,City,280573.9580376217
5,2,1,No,3718,Out of City,345864.31614376936
5,3,2,Yes,4707,City,502900.689042318
1,3,1,Yes,1114,Out of City,197159.49007235336
4,1,1,No,3471,City,377329.92056289234
2,1,1,Yes,4065,City,408254.8093887314
5,3,2,Yes,4076,Out of City,418127.99387121666
1,2,1,Yes,770,Out of City,182916.42597626094
3,1,1,Yes,4566,Out of City,355764.5243757631
1,1,1,Yes,2968,City,357640.80568035785
3,3,2,No,1890,Out of City,214547.26980343478
4,2,2,No,3854,City,431395.4012911378
2,3,1,No,4635,City,436258.61365053244
1,2,2,No,4107,City,359438.85864118236
5,2,2,No,3083,Out of City,342637.8787572202
4,2,1,No,4573,Out of City,404240.37339520315
1,1,1,Yes,3575,Out of City,239413.6232129187
5,3,2,No,4406,City,495354.8961498163
1,3,1,No,789,City,164584.58359339845
3,2,2,Yes,2980,Out of City,299686.7039295358
1,1,2,Yes,3752,City,405183.3272980189
1,1,2,No,778,City,182264.35933215893
1,3,2,Yes,3424,Out of City,292722.4007118206
4,1,2,No,1080,Out of City,195041.24542030637
1,1,2,Yes,753,Out of City,194008.12676327105
5,2,1,No,4776,City,442166.35505587945
3,1,1,Yes,1324,City,260173.8017672131
3,2,2,Yes,4332,City,486548.6336635925
1,3,2,No,1199,City,282104.0468707546
4,1,2,No,1880,City,306931.3755141943
4,3,1,No,4396,Out of City,360018.94594946713
5,3,2,No,2173,City,415566.87003618316
1,1,1,No,3227,City,338238.84783498396
3,1,2,Yes,3656,City,421378.93975524465
4,3,2,No,3888,Out of City,353151.9530212516
1,1,1,No,4807,Out of City,314369.4131832393
4,2,1,Yes,883,Out of City,220942.7983791034
4,2,2,Yes,841,City,308667.02609231154
3,1,2,No,2487,Out of City,278370.0287626267
2,3,2,Yes,4559,Out of City,410538.3408227481
5,1,1,Yes,3609,Out of City,343902.47846030485
5,1,1,No,4582,City,481629.92900039075
3,3,1,Yes,3298,Out of City,346162.64280026313
4,3,1,Yes,3740,City,465741.31591717835
1,2,1,No,2488,City,313730.81718557206
4,3,1,No,3914,Out of City,338468.39500972896
3,2,2,Yes,2349,City,356733.4884258707
5,3,2,Yes,805,Out of City,254620.9089728157
4,1,1,No,4113,City,379292.8114926909
5,2,2,Yes,3249,Out of City,379384.1995520984
1,2,2,Yes,1635,Out of City,261981.13103168848
5,2,1,Yes,705,Out of City,198448.44510988495
5,1,2,No,3950,City,431854.3877790106
2,1,1,Yes,4311,Out of City,353360.85870149545
2,1,1,Yes,4122,City,403561.5640331236
2,1,2,No,4099,Out of City,307687.4389496852
5,1,1,Yes,3051,City,381565.6727310835
3,2,1,Yes,4808,City,475055.7348588033
5,1,1,No,809,Out of City,180314.72045968147
3,2,1,No,3208,Out of City,246601.56590042892
3,1,1,No,2491,Out of City,263441.84441027464
2,3,1,No,771,Out of City,182717.71639684084
4,2,1,Yes,4142,Out of City,388133.2195370216
1,3,1,Yes,4586,City,438881.49376411404
2,2,2,No,2322,Out of City,257586.36025431124
2,3,2,No,3773,Out of City,328136.79313556163
4,1,2,Yes,4849,City,505530.3510952263
1,1,1,No,1020,Out of City,120050.355982523
5,1,1,Yes,1476,Out of City,285039.6747714789
5,2,2,No,4222,City,467515.7145186537
2,3,2,Yes,4051,Out of City,371431.03887211747
1,1,2,No,4605,Out of City,289848.77822575934
2,3,1,No,3273,Out of City,294389.11708603415
3,3,2,Yes,3052,City,390960.90165011096
2,1,2,No,3332,Out of City,258834.34546943012
2,1,1,Yes,4407,City,399042.4874336776
5,3,2,Yes,652,Out of City,236275.3013620155
5,1,1,Yes,3464,City,470695.42806033924
5,1,1,Yes,3416,Out of City,382426.7812397681
3,1,1,Yes,3300,City,418407.3500428852
5,2,2,No,2252,City,338142.09960888873
1,3,2,No,3110,City,341925.07499821787
4,3,1,Yes,4375,City,457879.8474959181
1,2,2,No,1604,City,236286.10245605872
1,3,2,Yes,3036,City,348437.4603316685
5,1,2,No,4699,Out of City,424741.68012883124
4,3,2,No,4354,Out of City,384775.4064379648
4,1,1,No,3994,City,426067.58667388035
4,2,2,No,2414,City,362782.41779177036
3,1,1,Yes,3572,City,439672.7750420958
5,3,1,Yes,1506,City,330711.11553720554
4,3,2,No,906,Out of City,245484.66479573597
3,3,1,No,666,City,271228.81740801455
2,2,2,Yes,1008,Out of City,180932.4232394593
2,2,2,No,2161,Out of City,248192.6667294632
3,3,1,Yes,4164,City,459922.8992605246
3,1,1,Yes,3989,City,409900.4748009319
5,2,1,Yes,1180,Out of City,242521.29026056
5,3,1,No,3024,Out of City,321817.8109710163
2,3,2,Yes,2620,City,406996.24191571854
4,2,2,No,4857,City,472863.65637914964
2,2,2,Yes,1863,City,328792.6000306292
4,2,1,No,1831,Out of City,225732.01236664894
4,1,1,No,2792,Out of City,259002.9410755672
5,1,1,No,2038,City,348539.69618499884
1,3,2,Yes,3908,Out of City,313408.47576896934
1,2,1,Yes,1060,Out of City,164695.72464189457
3,1,2,No,1599,City,275630.54822144465
5,2,1,No,2403,City,362377.452036801
4,3,2,No,674,Out of City,205118.13429967687
1,1,2,Yes,2656,Out of City,255716.39562191846
4,1,1,Yes,2730,City,385357.11511635623
1,1,1,Yes,4787,City,429042.7509091866
1,3,2,Yes,4660,City,428283.92382664344
1,2,2,No,4420,City,385316.89804142405
5,1,1,No,1997,City,348745.25723753875
2,3,1,Yes,4354,Out of City,390592.94375147746
4,2,2,Yes,3671,Out of City,346092.81097037875
5,3,1,No,2067,Out of City,295379.59800704406
5,2,2,Yes,1651,Out of City,252985.4950125038
5,3,2,Yes,868,City,339338.6980412074
5,2,1,Yes,542,City,335055.3403349195
5,1,1,Yes,2407,City,356392.14565462025
3,2,1,Yes,3990,Out of City,342813.5390901684
4,3,1,Yes,3035,Out of City,362030.59563145717
5,3,1,No,4673,Out of City,387793.9696958071
4,2,2,Yes,3373,City,415994.8994022992
3,1,2,Yes,2324,Out of City,283128.82275163505
3,1,1,No,1793,City,261964.28304621193
4,2,1,No,3886,City,409580.60025578056
1,2,1,No,3472,City,348483.7142063007
2,3,2,Yes,4422,City,464530.9216707312
1,1,1,No,1492,City,224936.36792590804
1,2,1,Yes,2886,City,327517.5544145992
1,1,2,Yes,2740,Out of City,259401.2223053791
5,2,2,Yes,1976,City,376325.34639800485
3,2,1,No,3907,City,404506.1121985157
1,1,1,No,889,Out of City,109511.35949764043
3,2,1,No,1499,City,271298.6205124092
4,2,2,No,2355,Out of City,257950.84414895973
2,3,1,No,1158,Out of City,182199.84779987528
4,2,1,Yes,3263,Out of City,326929.9827274231
4,2,1,Yes,4163,City,435869.07099676016
5,2,2,Yes,1981,City,384223.22295710776
2,3,2,Yes,4231,Out of City,380804.7955171532
4,1,1,No,951,City,268207.47469897143
4,3,1,No,2975,City,375127.488608498
2,3,2,Yes,3722,Out of City,359261.0569367351
2,1,2,No,2037,Out of City,217865.95144547327
4,3,2,No,3593,City,433545.4761566319
2,1,2,Yes,1382,Out of City,187586.92634395717
4,3,2,Yes,4908,Out of City,453387.2696454238
4,1,2,No,4568,Out of City,380682.8059210932
5,2,2,No,3066,City,403443.5693381588
1,3,2,Yes,3777,City,362120.4468325783
4,3,2,Yes,874,City,321909.7924794696
3,3,1,Yes,4197,Out of City,429100.6207879448
1,3,1,No,3562,City,345899.2146248603
1,2,1,Yes,3750,Out of City,292938.45804289356
1,3,2,Yes,612,City,253066.97119422795
5,2,1,No,3697,City,431097.5642093314
4,2,2,No,2878,Out of City,327754.7033083283
5,2,2,No,2424,City,346042.63688182225
4,2,1,No,639,Out of City,196577.60505149985
5,1,2,No,1924,City,343008.4412250293
5,1,1,Yes,3449,City,424607.0692611891
3,3,1,Yes,3668,Out of City,365173.7463584338
5,1,1,No,1016,Out of City,226389.14963196716
2,1,2,No,3116,Out of City,278246.307600569
3,3,1,No,1387,City,261489.61375852543
5,3,2,No,3604,City,461603.1637351097
1,3,1,No,549,City,201156.22789934964
2,1,1,Yes,4451,Out of City,349007.4819603103
2,1,1,Yes,4060,Out of City,329463.9398200339
2,3,2,Yes,518,Out of City,187895.1402240348
3,2,2,Yes,1973,City,362484.1499421413
5,3,2,No,4561,City,491375.64080301573
5,2,1,Yes,3106,Out of City,332909.07743233663
1,2,1,No,951,City,199679.40288060543
1,3,2,No,4265,Out of City,331823.8943362095
2,3,2,No,2938,City,376484.295685941
1,3,2,Yes,4810,City,467561.89369897667
3,1,2,No,2049,Out of City,210439.2944250591
5,2,2,Yes,3974,City,528403.7983335778
2,1,2,Yes,627,City,241645.50621955958
1,1,1,No,3261,Out of City,263557.8147599803
3,3,2,No,4956,Out of City,399765.7113284554
3,1,1,No,1915,City,291417.18489410897
1,3,1,Yes,701,Out of City,186839.3700903681
5,2,2,No,2869,City,417813.8942350851
1,3,2,Yes,1017,Out of City,216997.3661075645
2,1,1,No,1841,City,274493.94000145956
1,1,2,No,2488,City,273098.26537611784
3,3,2,Yes,4045,Out of City,375815.0791608788
1,3,1,Yes,4302,City,426752.15020648396
5,1,1,Yes,3775,City,462412.5614468214
4,2,1,Yes,4154,Out of City,383245.5859844679
1,2,2,Yes,2934,Out of City,298003.43931428774
5,3,1,Yes,707,City,349402.3349097236
5,2,2,No,3133,Out of City,318323.5816185316
3,1,1,No,4617,Out of City,329111.5859240744
5,3,1,Yes,653,City,314842.4988218933
5,1,1,No,3866,City,424452.25336378394
5,1,2,Yes,4814,Out of City,425208.659724659
5,2,2,No,2018,Out of City,307944.0535773429
2,3,1,No,3100,Out of City,288481.33723036904
2,3,1,Yes,2695,City,360538.9409648148
3,2,1,Yes,4998,City,451181.8095226294
1,1,2,Yes,4054,City,361383.68367144983
5,1,1,No,2914,City,376320.1850056361
1,1,2,Yes,3349,City,309798.0874769033
1,1,1,No,2242,City,277352.7481928814
3,3,1,Yes,1806,City,332136.9231125536
5,3,1,No,4349,Out of City,467311.85939189466
5,2,1,No,4668,Out of City,449558.3250123222
4,2,1,Yes,4695,City,481121.01861504966
1,3,1,No,3055,City,325623.2599493737
1,3,2,No,2805,City,345161.6302800406
2,1,1,Yes,1588,Out of City,238463.45219836076
4,1,2,No,3142,City,339339.41885127965
2,2,1,Yes,1677,Out of City,188122.49069290626
2,3,1,Yes,3494,Out of City,317259.30388891237
2,2,2,Yes,1059,Out of City,214604.75166347728
3,3,1,Yes,3464,Out of City,358137.47181015194
3,1,2,No,1771,Out of City,234945.429099677
2,2,2,No,2313,City,281656.04943269386
4,2,1,No,3415,City,344427.1227406225
1,3,2,Yes,1109,Out of City,217610.2839060429
4,1,2,No,2961,City,346486.0745406953
5,2,1,No,4620,Out of City,360630.2427122272
3,1,2,Yes,783,Out of City,197051.27491918762
1,2,1,Yes,3428,City,377263.51376437355
1,1,1,No,4896,City,387358.85735757445
5,3,1,Yes,1591,City,355393.0322763502
5,2,1,Yes,1316,City,332612.7553570819
2,2,2,Yes,582,City,241688.34475198435
3,1,1,Yes,2420,Out of City,239039.05776119666
3,1,1,No,3991,City,370256.38646019134
4,2,2,Yes,3644,City,452625.5981002763
2,3,1,Yes,2593,City,361083.57082753
2,1,1,Yes,675,Out of City,162111.1961193364
2,1,2,Yes,3204,City,345297.0303629324
2,1,2,Yes,869,Out of City,174819.93675728666
3,2,2,Yes,2318,City,312358.6990711429
3,2,2,Yes,2601,City,373619.5332777078
2,2,2,Yes,3990,Out of City,378077.15415627137
4,2,2,No,2279,City,314467.3573591579
1,3,2,Yes,1864,City,296481.4465336449
1,3,1,No,4962,Out of City,359682.1355742026
4,2,2,Yes,3842,City,477156.85268854967
2,3,2,Yes,4176,Out of City,364835.507673997
3,1,2,Yes,2926,Out of City,287454.99341468205
1,1,1,Yes,572,Out of City,94221.53715167833
5,1,1,No,3462,Out of City,330168.76258616213
5,2,2,Yes,1359,Out of City,318791.5208028749
4,1,2,Yes,4356,City,468347.1692392935
2,3,2,No,4638,City,436454.42041632574
1,2,1,No,2924,City,312641.6462153397
2,3,1,Yes,1564,Out of City,232978.15992102795
1,1,2,No,2717,Out of City,204589.7125547974
4,1,1,No,4517,Out of City,377315.59831355413
4,1,2,No,2759,Out of City,287465.2304622351
5,2,1,Yes,4251,City,482902.2650386731
2,3,1,Yes,2586,City,334792.679454435
5,2,2,Yes,868,Out of City,279470.1586386952
2,2,2,No,3304,Out of City,298494.0549066622
5,1,2,Yes,650,City,286441.58325265395
3,2,2,No,1634,Out of City,241736.49707363875
3,2,1,Yes,3284,Out of City,314248.5832322959
3,1,1,Yes,4664,Out of City,362559.93014977925
3,2,1,No,2846,City,327105.9376503943
1,1,2,Yes,2750,City,287078.6289382382
3,1,1,No,560,Out of City,152430.84760836413
4,1,2,No,3510,City,353877.102433233
4,1,1,Yes,4401,Out of City,360481.1233746848
1,2,2,No,1837,Out of City,150338.23981842934
3,1,2,Yes,1684,City,307478.60614418215
3,1,1,Yes,4926,Out of City,388293.59079456254
3,2,2,No,2051,Out of City,236016.07573627273
5,2,2,Yes,4933,City,505798.44610658847
2,3,1,No,2129,Out of City,208005.32493126718
5,2,2,Yes,1827,Out of City,310637.3972709315
2,2,2,Yes,2026,Out of City,240288.96136583024
3,3,2,Yes,2173,City,369977.1664307229
3,2,1,Yes,1861,Out of City,235345.02627751554
5,2,1,Yes,2073,City,377271.25485542166
5,2,2,No,3186,Out of City,365365.5607463213
2,2,1,No,4870,Out of City,365223.31600785564
4,3,2,No,2866,Out of City,310051.7236356704
2,2,2,No,4257,Out of City,337993.9794071186
5,2,2,No,2934,City,391886.6965093957
5,3,2,No,2493,City,389807.6036938946
1,1,2,Yes,1369,Out of City,176937.77895702992
5,3,1,Yes,1514,Out of City,287413.29588229215
1,1,2,No,2411,Out of City,209791.8670614835
4,3,1,No,1102,Out of City,200232.82600836098
2,3,1,Yes,4321,Out of City,350732.4234602004
2,2,2,Yes,1190,Out of City,181729.1489233758
1,1,2,Yes,993,Out of City,132644.5779099258
2,2,1,No,989,Out of City,135104.3461555904
5,1,1,No,3056,City,380989.2501360826
3,3,1,No,4985,City,446394.2496901623
1,3,2,Yes,794,City,264972.28928462195
2,1,1,Yes,4527,Out of City,352044.27497505123
1,2,2,No,3343,Out of City,227779.91573123893
1,2,2,No,3412,Out of City,283699.5116844338
3,2,2,Yes,2217,City,367065.9729118342
5,2,1,Yes,3096,Out of City,334922.74650330294
1,3,2,Yes,2373,City,342053.83085789985
2,3,2,Yes,3758,Out of City,335770.03525181604
4,3,2,No,3317,City,412803.4075349667
1,3,2,Yes,944,City,236910.0318609007
1,3,2,Yes,4141,City,386187.87094930845
3,2,1,Yes,4958,Out of City,400243.6562077406
5,2,2,No,1241,City,309575.4210745033
4,2,2,No,2541,Out of City,279096.4061277079
2,2,1,Yes,1179,Out of City,175269.3888355488
4,3,2,Yes,2967,Out of City,345352.0187573773
2,3,1,Yes,4197,Out of City,370235.8950516147
5,3,2,No,1858,Out of City,287002.13939754927
2,1,1,No,562,City,196750.02061198428
3,2,1,No,3059,Out of City,269547.69599091535
3,2,2,Yes,4269,Out of City,406884.3582943232
3,3,2,No,4851,Out of City,374026.5332689044
3,2,2,Yes,634,Out of City,211451.20594173437
4,2,1,Yes,4144,Out of City,410837.8218591992
5,3,1,Yes,2635,City,426368.1618549779
2,1,1,No,3778,City,349849.5154587034
2,1,2,Yes,1322,Out of City,190534.05906674042
3,1,1,No,3574,City,384421.7530209251
3,3,1,No,3481,City,360590.50149476656
1,2,2,Yes,620,Out of City,141597.51479240714
5,3,1,Yes,2137,City,383898.8446901656
4,3,1,No,1424,Out of City,260953.07515023995
2,2,2,Yes,1144,City,284795.3527208179
1,1,1,No,2532,City,252239.0848297951
1,1,2,Yes,3261,City,341843.84589230194
2,3,2,No,2568,Out of City,251113.5371180741
4,1,2,No,741,City,237854.2201553293
1,3,2,No,3168,City,362977.7911711356
1,3,2,No,1302,Out of City,152665.1374147299
5,2,1,Yes,4664,Out of City,465375.61711468745
4,2,1,Yes,695,City,301314.59380369243
1,2,2,No,2687,Out of City,256167.23341207395
4,3,2,No,4015,City,436491.2097594948
2,2,1,Yes,2830,City,348501.1856184178
3,1,2,Yes,2859,Out of City,269286.96370950574
1,1,2,Yes,4106,Out of City,309806.7518586639
5,3,2,Yes,776,Out of City,273673.09695286304
2,3,1,Yes,560,City,278921.2612356279
4,2,1,Yes,3890,Out of City,352356.86366395094
2,3,2,No,2413,City,318339.8812602947
1,3,2,Yes,4427,Out of City,363324.01559534954
4,1,1,Yes,3091,City,361634.2159561503
3,1,1,No,1066,Out of City,180126.984835168
2,2,2,Yes,4435,City,427270.1933651478
1,3,2,Yes,2071,Out of City,244642.1929764595
5,3,1,Yes,1700,City,360961.0125617625
4,1,1,Yes,4909,Out of City,394663.2298856065
2,3,1,Yes,3354,Out of City,322559.1002903889
2,1,2,No,3395,City,340437.80842863955
3,2,1,Yes,1736,Out of City,239362.84235442668
3,1,2,No,636,City,212230.76756639313
5,3,1,No,1529,City,337840.4934156591
5,2,1,Yes,2656,Out of City,365872.3453698457
1,1,1,No,3094,City,302497.74465678254
1,1,1,Yes,1161,Out of City,182972.3642982226
5,2,2,No,2972,Out of City,300795.5614969307
5,2,2,No,3177,City,412005.22878587537
4,1,1,Yes,2808,Out of City,283452.6336205787
3,3,2,Yes,586,City,254761.50144936197
1,1,1,Yes,3012,City,310812.5718508193
3,2,1,Yes,3442,Out of City,355937.98668827146
3,1,1,Yes,3273,Out of City,327650.3165733929
5,2,1,No,3004,City,395060.094441088
4,2,2,No,3810,City,389845.9888022014
2,3,1,No,2200,Out of City,231074.38697224128
4,2,1,No,4170,Out of City,364534.0001780347
4,2,2,No,3200,Out of City,323510.72459157195
3,3,1,No,4129,Out of City,314574.1283303851
4,2,1,No,2147,City,309543.64303960255
1,3,1,Yes,3818,Out of City,324618.4447170257
3,3,2,Yes,4187,City,475075.8181903438
1,2,1,No,1096,City,170877.44357800105
2,2,2,No,984,Out of City,165957.52049040282
3,1,1,Yes,1145,City,275110.975397579
2,3,1,Yes,3589,Out of City,351442.23977032426
3,1,2,Yes,4884,City,483057.1516847487
5,2,1,Yes,1220,Out of City,272651.4263761761
4,1,1,No,998,City,238901.18986596132
5,3,2,Yes,2173,City,365489.95725753385
2,1,2,No,3567,Out of City,275488.944858772
4,3,2,No,614,Out of City,225732.6365041712
3,2,2,No,3479,City,411819.0905504886
4,2,2,Yes,2236,City,386010.9820459557
1,3,1,Yes,4111,Out of City,349136.81645603466
4,2,2,No,2753,City,375242.7929677193
1,2,1,No,2794,Out of City,218577.6250647844
4,2,1,No,4130,City,423898.7941289276
1,2,1,Yes,646,Out of City,185681.39051652662
2,3,2,No,4482,City,410248.8398841625
5,1,2,Yes,3953,Out of City,424945.575814197
3,1,1,No,2910,Out of City,254059.43691015884
4,2,2,No,636,City,288308.64218190155
5,1,2,No,3860,Out of City,329863.69981004926
3,1,2,Yes,3505,City,411968.084023293
3,2,2,Yes,4052,Out of City,357864.59728104755
1,2,1,No,518,Out of City,87594.65616151625
2,1,1,Yes,2742,Out of City,266470.6808482189
2,3,2,No,948,City,272589.4357719194
5,2,1,Yes,2448,Out of City,305501.17122813006
2,3,2,Yes,1445,City,277269.680790832
4,1,2,Yes,4736,Out of City,409963.1047133009
2,2,1,No,2420,City,299251.2934244564
5,3,1,Yes,3477,City,469816.39255109
2,2,1,Yes,4688,City,463391.89142728975
4,1,2,No,4515,Out of City,369561.6963745501
1,3,1,No,738,City,249010.06629588525
5,1,2,No,704,Out of City,204684.69489070584
1,1,1,No,3107,City,293421.469879862
1,2,1,Yes,4840,City,399768.6528179434
1,3,2,Yes,3888,City,404146.80959367665
3,1,2,Yes,3472,City,391872.2610917773
3,1,2,Yes,4890,Out of City,418706.09592562943
1,3,2,Yes,3187,City,383599.6724813371
5,1,2,No,4666,City,444712.61756734765
4,1,2,Yes,1848,Out of City,270845.08772822074
4,3,2,Yes,4900,City,533430.6234345811
2,3,2,Yes,1316,City,331360.62718775665
5,3,1,No,1320,City,338750.0793482812
3,3,2,No,692,City,274816.93308622955
1,2,2,Yes,2276,Out of City,245001.71989230328
2,3,1,No,4145,Out of City,340016.240108469
4,2,2,No,750,City,292490.09801412316
3,2,1,No,2288,Out of City,217744.452050407
3,2,1,No,4200,Out of City,333011.2134556609
1,1,2,No,2963,City,287698.62502487516
4,2,1,No,1667,Out of City,240933.06237452247
5,2,2,No,4393,City,494254.44351301575
3,1,1,Yes,1596,Out of City,212860.51426557853
1,1,1,Yes,3179,Out of City,216143.91265061125
5,1,1,No,2347,Out of City,264105.5850995106
4,3,2,Yes,4404,City,513469.4746403481
3,1,2,Yes,1004,Out of City,215952.5980589976
5,1,1,No,2121,City,339613.7249562115
5,2,1,Yes,2972,City,413000.1339625104
5,1,2,No,3046,Out of City,291719.38527560426
3,3,2,No,1887,City,329655.8864324893
3,1,1,No,3494,Out of City,273014.3637993075
2,3,1,Yes,4316,City,484481.9346676091
4,1,2,Yes,1217,City,317260.1441670903
1,1,2,Yes,3984,Out of City,302587.03394892096
5,1,2,Yes,4934,Out of City,429472.29505222745
2,1,2,No,1158,Out of City,161041.11586772822
1,3,2,No,4508,Out of City,335609.961559565
2,3,1,Yes,4734,City,484036.6755105991
3,2,2,No,4264,City,426928.3233948809
5,3,1,No,3489,City,414817.36522182944
1,1,2,Yes,2604,Out of City,283008.8137031157
1,2,1,No,1755,City,248736.16663040445
1,2,2,Yes,2982,Out of City,294476.79351937794
1,2,2,No,883,City,201985.4698511048
1,1,1,Yes,3107,Out of City,267612.31255489046
2,3,1,No,693,City,235872.1998228639
5,1,2,No,4307,City,412557.01415807696
3,2,2,Yes,4219,Out of City,421255.5022092128
3,1,2,Yes,3081,City,404862.88921845093
3,1,2,Yes,3065,Out of City,300306.09367708024
3,3,2,Yes,3263,City,396104.60519088287
2,3,1,No,3298,City,366851.23227607104
4,2,1,No,2839,Out of City,293683.95398828795
5,1,2,Yes,3906,Out of City,397413.3789712646
1,1,1,No,1231,City,210381.5479238818
4,3,1,Yes,3372,City,443724.8197861185
3,1,1,Yes,3620,City,424946.1139878361
4,1,2,No,4677,City,460212.0641025729
5,1,1,No,3104,City,359206.89002180117
1,3,2,Yes,2882,City,386351.25705424906
1,2,1,Yes,1031,Out of City,204362.29126976576
5,2,2,Yes,4816,Out of City,513841.1346902417
5,1,1,No,1134,Out of City,189230.11933520803
3,2,2,No,2269,City,328307.6402630055
1,3,2,No,4304,City,358558.02593622025
4,3,1,No,2870,City,389562.98312758416
2,2,2,Yes,502,Out of City,164135.99403666455
2,2,2,Yes,705,Out of City,223718.91589649906
5,1,2,Yes,4635,City,481257.7005996284
3,2,2,Yes,3121,City,362266.3392406548
2,1,2,Yes,3390,Out of City,295074.7251859496
1,1,2,Yes,3693,Out of City,260140.24457565724
5,3,2,No,3166,Out of City,368321.9890901462
4,3,2,No,3806,City,393998.3390748736
5,3,1,Yes,1397,City,355419.1516236632
4,3,1,Yes,1585,City,302693.76360287605
5,2,2,No,1779,Out of City,262544.0439092672
5,3,2,No,1170,Out of City,286367.56311609066
5,2,1,No,2005,City,347462.9578287159
4,3,1,No,4075,City,421480.1279007013
4,2,1,Yes,2455,Out of City,302125.9302212183
5,1,2,Yes,749,City,302810.3374408889
2,2,1,Yes,2392,Out of City,269052.6069168681
3,2,2,Yes,3939,Out of City,339612.83273438347
3,3,2,Yes,2353,City,384501.3454769466
3,2,1,No,3354,Out of City,243612.1673679445
4,1,2,Yes,2003,City,332552.3089527238
4,1,2,No,3885,Out of City,329484.5231509691
2,3,2,Yes,4071,Out of City,381216.5365214248
3,1,2,Yes,4292,City,440052.6170535374
3,2,1,Yes,3926,Out of City,328188.73892287427
5,1,1,Yes,543,City,262450.1374836597
4,3,2,Yes,4112,City,484573.6001909481
3,2,2,No,3118,Out of City,294318.65316270886
2,3,1,No,3663,City,366567.51780728507
2,2,2,No,1788,City,269783.3242097604
3,1,1,Yes,3442,City,401023.35994318576
4,3,2,Yes,719,City,300596.1485426157
2,3,2,No,2425,City,324488.17511941853
5,2,1,Yes,3472,City,486998.73176161083
2,3,1,Yes,4013,Out of City,327176.34726232156
1,2,1,No,2948,City,270363.14536850684
1,2,1,Yes,3971,Out of City,334221.7932959721
4,2,2,No,3274,Out of City,310127.1387741179
3,2,1,Yes,1490,City,298135.2494451476
